Year,Player,Career AV
2020,Trey Adams,0
2020,Hakeem Adeniji,0
2020,McTelvin Agim,2
2020,Salvon Ahmed,0
2020,Brandon Aiyuk,39
2020,Cam Akers,13
2020,Bradlee Anae,0
2020,Tremayne Anchrum,0
2020,Jet Anderson,0
2020,Damon Arnette,2
2020,Grayland Arnold,0
2020,Devin Asiasi,0
2020,Joe Bachie,0
2020,Markus Bailey,0
2020,Trajan Bandy,0
2020,Ben Bartch,8
2020,Tyler Bass,0
2020,Essang Bassey,0
2020,Zack Baun,28
2020,Omar Bayless,0
2020,Mekhi Becton,15
2020,LeVante Bellamy,0
2020,Eno Benjamin,0
2020,Francis Bernard,0
2020,Tyler Biadasz,0
2020,Daniel Bituli,0
2020,Ross Blacklock,4
2020,Julian Blackmon,20
2020,Rodrigo Blankenship,0
2020,Lynn Bowden,3
2020,Shaun Bradley,0
2020,Ben Bredeson,0
2020,Jacob Breeland,0
2020,Jordyn Brooks,30
2020,Cameron Brown,0
2020,Derrick Brown,28
2020,Tony Brown,0
2020,Harrison Bryant,7
2020,Hunter Bryant,0
2020,Kelly Bryant,0
2020,Myles Bryant,0
2020,Terrell Burgess,3
2020,Joe Burrow,58
2020,Cohl Cabral,0
2020,Lawrence Cager,0
2020,Raymond Calais,0
2020,Marquez Callaway,0
2020,Shyheim Carter,0
2020,Quintez Cephus,0
2020,K'Lavon Chaisson,10
2020,Saahdiq Charles,8
2020,Joseph Charlton,0
2020,Jeremy Chinn,38
2020,Cameron Clark,0
2020,Nevelle Clarke,0
2020,Chase Claypool,19
2020,Rodney Clemons,0
2020,Ezra Cleveland,26
2020,Tyrie Cleveland,0
2020,Josiah Coatney,0
2020,Nick Coe,0
2020,Kendall Coleman,0
2020,Trystan Colon-Castillo,0
2020,Carter Coughlin,0
2020,Isaiah Coulter,0
2020,Kamren Curl,0
2020,Lloyd Cushenberry,23
2020,DeeJay Dallas,0
2020,Darrion Daniels,0
2020,Cameron Dantzler,10
2020,Kevin Davidson,0
2020,Marlon Davidson,5
2020,Ashtyn Davis,10
2020,Carlos Davis,0
2020,Gabriel Davis,27
2020,Javaris Davis,0
2020,Khalil Davis,0
2020,Quartney Davis,0
2020,Raekwon Davis,23
2020,Akeem Davis-Gaither,9
2020,Josiah Deguara,4
2020,Grant Delpit,20
2020,Trevon Diggs,31
2020,AJ Dillon,23
2020,Michael Divinity,0
2020,J.K. Dobbins,17
2020,Rico Dowdle,0
2020,Jack Driscoll,0
2020,Kyle Dugger,23
2020,Yasir Durant,0
2020,Devin Duvernay,12
2020,Troy Dye,10
2020,Jacob Eason,0
2020,Bryan Edwards,6
2020,Clyde Edwards-Helaire,18
2020,Jalen Elliott,0
2020,Jordan Elliott,21
2020,A.J. Epenesa,16
2020,Darrynton Evans,3
2020,Blake Ferguson,0
2020,Chris Finke,0
2020,Leki Fotu,10
2020,Jake Fromm,0
2020,Aaron Fuller,0
2020,Jordan Fuller,0
2020,Kristian Fulton,18
2020,Tipa Galeai,0
2020,Neville Gallimore,10
2020,Antonio Gandy-Golden,0
2020,Cale Garrett,0
2020,Jonathan Garvin,0
2020,Antonio Gibson,27
2020,Alohi Gilman,0
2020,Trevis Gipson,0
2020,Jeff Gladney,5
2020,Anthony Gordon,0
2020,A.J. Green,0
2020,Jonathan Greenard,27
2020,Yetur Gross-Matos,17
2020,Javelin Guidry,0
2020,Stephen Guidry,0
2020,Bryce Hall,0
2020,DaVon Hamilton,18
2020,LaDarius Hamilton,0
2020,KJ Hamler,5
2020,Harrison Hand,0
2020,Jake Hanson,0
2020,Scoota Harris,0
2020,Nick Harris,0
2020,Malik Harrison,16
2020,JaMycal Hasty,0
2020,Jaylinn Hawkins,11
2020,Charlie Heck,11
2020,C.J. Henderson,12
2020,Matt Hennessy,10
2020,Justin Herbert,64
2020,Brian Herrien,0
2020,Justin Herron,0
2020,Tee Higgins,37
2020,Alex Highsmith,30
2020,John Hightower,0
2020,K.J. Hill,0
2020,Lavert Hill,0
2020,Trevon Hill,0
2020,Isaiah Hodgins,0
2020,Sterling Hofrichter,0
2020,Darnay Holmes,7
2020,Brycen Hopkins,0
2020,Khaleke Hudson,0
2020,Robert Hunt,29
2020,Jalen Hurts,69
2020,Noah Igbinoghene,7
2020,Brian Cole II,0
2020,Rashard Lawrence II,6
2020,Reggie Robinson II,0
2020,Henry Ruggs III,8
2020,Keith Ismael,0
2020,Cordel Iwuagwu,0
2020,Austin Jackson,23
2020,Dane Jackson,0
2020,Jonah Jackson,27
2020,Lamar Jackson,0
2020,Trishton Jackson,0
2020,Justin Jefferson,57
2020,Van Jefferson,17
2020,Anfernee Jennings,20
2020,Jauan Jennings,0
2020,Jerry Jeudy,28
2020,Collin Johnson,0
2020,Jaylon Johnson,29
2020,Juwan Johnson,0
2020,Tyler Johnson,0
2020,Clay Johnston,0
2020,Benito Jones,0
2020,Brandon Jones,17
2020,Joshua Jones,15
2020,Tony Jones,0
2020,Antoine Brooks Jr.,0
2020,Willie Gay Jr.,26
2020,Laviska Shenault Jr.,13
2020,Antoine Winfield Jr.,36
2020,Azur Kamara,0
2020,Khalid Kareem,0
2020,Dalton Keene,0
2020,Joshua Kelley,9
2020,BoPete Keyes,0
2020,Solomon Kindley,6
2020,Javon Kinlaw,22
2020,Cole Kmet,23
2020,CeeDee Lamb,57
2020,Javon Leake,0
2020,Benny LeMay,0
2020,Shane Lemieux,0
2020,Brian Lewerke,0
2020,Damien Lewis,31
2020,Terrell Lewis,5
2020,Kalija Lipscomb,0
2020,Jordan Love,29
2020,Jake Luton,0
2020,James Lynch,6
2020,Austin Mack,0
2020,Jordan Mack,0
2020,Justin Madubuike,38
2020,Braden Mann,0
2020,Kamal Martin,0
2020,Cole McDonald,0
2020,Anthony McFarland,1
2020,Sean McKeon,0
2020,Xavier McKinney,31
2020,Colton McKivitz,0
2020,Josh Metellus,0
2020,Chris Miller,0
2020,Denzel Mims,5
2020,John Molchon,0
2020,JJ Molson,0
2020,Steven Montez,0
2020,Darnell Mooney,0
2020,James Morgan,0
2020,Thaddeus Moss,0
2020,Zack Moss,18
2020,Larrell Murchison,0
2020,Kyle Murphy,0
2020,Kenneth Murray,28
2020,Tanner Muse,2
2020,Netane Muti,0
2020,Lucas Niang,8
2020,C.J. O'Grady,0
2020,Michael Ojemudia,4
2020,Jeff Okudah,10
2020,Julian Okwara,5
2020,Albert Okwuegbunam,5
2020,Sewo Olonilua,0
2020,Dante Olson,0
2020,Mike Onwenu,0
2020,K.J. Osborn,0
2020,Aaron Parker,0
2020,Colby Parkinson,8
2020,Dezmon Patmon,0
2020,Shea Patterson,0
2020,Matt Peart,6
2020,Alex Pechin,0
2020,John Penisini,0
2020,Donovan Peoples-Jones,0
2020,La'Mical Perine,3
2020,Malcolm Perry,0
2020,Jacob Phillips,5
2020,Scottie Phillips,0
2020,Tyre Phillips,11
2020,James Pierre,0
2020,Michael Pinckney,0
2020,Jared Pinkney,0
2020,Danny Pinter,0
2020,Michael Pittman,38
2020,Troy Pride,3
2020,James Proche,0
2020,Shaquille Quarterman,0
2020,Patrick Queen,48
2020,Jalen Reagor,10
2020,Joe Reed,0
2020,J.R. Reed,0
2020,John Reid,0
2020,Chauncey Rivers,0
2020,Malcolm Roach,0
2020,Amik Robertson,0
2020,Alton Robinson,0
2020,James Robinson,0
2020,Kendrick Rogers,0
2020,Cesar Ruiz,26
2020,Jon Runyan,0
2020,Chapelle Russell,0
2020,Stanford Samuels,0
2020,Josiah Scott,0
2020,QAadir Sheppard,0
2020,Isaiah Simmons,20
2020,John Simpson,23
2020,Arryn Siposs,0
2020,James Smith-Williams,0
2020,L'Jarius Sneed,0
2020,Nate Stanley,0
2020,Terence Steele,0
2020,Logan Stenberg,3
2020,Simon Stepaniak,0
2020,Darrell Stewart,0
2020,Geno Stone,0
2020,Justin Strnad,0
2020,Jason Strowbridge,0
2020,Stephen Sullivan,0
2020,Freddie Swain,0
2020,D'Andre Swift,36
2020,Tua Tagovailoa,45
2020,Charlie Taumoepeau,0
2020,Alex Taylor,0
2020,Darrell Taylor,10
2020,Davion Taylor,3
2020,J.J. Taylor,0
2020,Jonathan Taylor,45
2020,Patrick Taylor,0
2020,A.J. Terrell,28
2020,Andrew Thomas,27
2020,Daniel Thomas,0
2020,Jeff Thomas,0
2020,Stantley Thomas-Oliver,0
2020,Calvin Throckmorton,0
2020,Casey Toohill,0
2020,Tommy Townsend,0
2020,Adam Trautman,9
2020,Michael Turk,0
2020,Derrek Tuszka,0
2020,Josh Uche,8
2020,Ke'Shawn Vaughn,2
2020,Ben Victor,0
2020,Kindle Vildor,0
2020,Mykal Walker,15
2020,K'Von Wallace,9
2020,Prince Tega Wanogho,0
2020,Mike Warren,0
2020,Broderick Washington,0
2020,Quez Watkins,0
2020,Curtis Weaver,0
2020,Evan Weaver,0
2020,Cody White,0
2020,Mitchell Wilcox,0
2020,Kenny Willekes,0
2020,Darryl Williams,0
2020,Raequan Williams,0
2020,Jedrick Wills,24
2020,Isaiah Wilson,0
2020,Logan Wilson,29
2020,Rob Windsor,0
2020,Tristan Wirfs,58
2020,Steven Wirtel,0
2020,Charlie Woerner,0
2020,D.J. Wonnum,20
2020,Dom Wood-Anderson,0
2020,David Woodward,0
2020,Chase Young,23
2020,Jabari Zuniga,1
2021,Jonathan Adams,0
2021,Paulson Adebo,19
2021,Giles Amos,0
2021,Zayne Anderson,0
2021,Otis Anderson,0
2021,Jack Anderson,0
2021,Dan Archibong,0
2021,Calvin Ashley,0
2021,Jaytlin Askew,0
2021,Tutu Atwell,12
2021,Kayode Awosika,0
2021,Kawaan Baker,0
2021,Josh Ball,0
2021,Aaron Banks,20
2021,Cole Banwart,0
2021,Christian Barmore,10
2021,Derrick Barnes,11
2021,Carlos Basham,3
2021,Rashod Bateman,18
2021,John Bates,5
2021,Adam Bay,0
2021,Tavante Beckett,0
2021,Chase Behrndt,0
2021,Shaun Beyer,0
2021,Tarik Black,0
2021,Josh Blancato,0
2021,Joshuah Bledsoe,0
2021,Quinton Bohanna,0
2021,Nick Bolton,23
2021,Ian Book,0
2021,Dicaprio Bootle,0
2021,Tuf Borland,0
2021,Larry Borom,0
2021,Rakeem Boyd,0
2021,Michael Boykin,0
2021,William Bradley-King,0
2021,Brady Breeze,0
2021,Gary Brightwell,0
2021,K.J. Britt,0
2021,Josiah Bronson,0
2021,Chris Brown,0
2021,Earnest Brown,0
2021,Kimere Brown,0
2021,Deonte Brown,0
2021,Dyami Brown,6
2021,Shakur Brown,0
2021,Tre Brown,0
2021,Amon-Ra St. Brown,47
2021,Baron Browning,15
2021,John Brunner,0
2021,Calvin Bundage,0
2021,Lorenzo Burns,0
2021,Eric Burrell,0
2021,Wesley Burris,0
2021,Jake Burton,0
2021,Camryn Bynum,20
2021,Jalen Camp,0
2021,Donavaughn Campbell,0
2021,Kyree Campbell,0
2021,Tyson Campbell,19
2021,Joseph Carlson,0
2021,Jackson Carman,4
2021,Tory Carter,0
2021,Michael Carter,11
2021,J.C. Chalk,0
2021,Ja'Marr Chase,48
2021,Ramaud Chiaokhiao-Bowman,0
2021,Drue Chrisman,0
2021,Brady Christensen,13
2021,Andre Cisco,18
2021,Mallory Claybourne,0
2021,Ben Cleveland,6
2021,Riley Cole,0
2021,Nico Collins,25
2021,Zaven Collins,21
2021,Nolan Cooney,0
2021,Jonathon Cooper,0
2021,Samuel Cosmi,23
2021,Seth Cottengim,0
2021,Jabril Cox,2
2021,Damonte Coxie,0
2021,Tyler Coyle,0
2021,Jack Crane,0
2021,Daniel Crawford,0
2021,Shaun Crawford,0
2021,Harry Crider,0
2021,Jake Curhan,0
2021,David Curry,0
2021,Drew Dalman,16
2021,DJ Daniel,0
2021,Frank Darby,0
2021,Jaelon Darden,0
2021,Corey Dauphine,0
2021,Zach Davidson,0
2021,Brady Davis,0
2021,Jamin Davis,16
2021,Shawn Davis,0
2021,Wyatt Davis,0
2021,Divine Deablo,20
2021,Bryson Denley,0
2021,Jon Dietzen,0
2021,Victor Dimukeje,0
2021,Brett DioGuardi,0
2021,Gerrid Doaks,0
2021,Max Duffy,0
2021,DeVontres Dukes,0
2021,Keith Duncan,0
2021,Isaiah Dunn,0
2021,Wes Dvorak,0
2021,Brennan Eagles,0
2021,Adrian Ealy,0
2021,Brandin Echols,0
2021,Sam Ehlinger,0
2021,Liam Eichenberg,23
2021,Milo Eifler,0
2021,D'Wayne Eskridge,2
2021,Travis Etienne,24
2021,Chris Evans,0
2021,Dillon Faamatau,0
2021,Austin Faoliu,0
2021,Matt Farniok,0
2021,Luke Farrell,0
2021,Simi Fehoko,0
2021,Parker Ferguson,0
2021,Justin Fields,34
2021,Tony Fields,0
2021,Paddy Fisher,0
2021,Dez Fitzpatrick,0
2021,Thomas Fletcher,0
2021,Paris Ford,0
2021,Darrick Forrest,0
2021,Miller Forristall,0
2021,Stone Forsythe,0
2021,Feleipe Franks,0
2021,Pat Freiermuth,18
2021,Will Fries,0
2021,Jake Funk,0
2021,Kenneth Gainwell,0
2021,Bailey Gaither,0
2021,Blake Gallagher,0
2021,Mark Gilbert,0
2021,Tyree Gillespie,0
2021,Chauncey Golston,12
2021,Tay Gowan,0
2021,Ta'Quon Graham,0
2021,Richie Grant,13
2021,Noah Gray,0
2021,Kendrick Green,5
2021,Trevon Grimes,0
2021,Garrett Groshek,0
2021,Robert Hainsey,15
2021,Darren Hall,4
2021,Damar Hamlin,0
2021,Mike Hampton,0
2021,Noah Hannon,0
2021,Adrian Hardy,0
2021,Bryce Hargrove,0
2021,Darius Harper,0
2021,Scooter Harrington,0
2021,Jacob Harris,0
2021,Jaylen Harris,0
2021,Pressley Harvin,0
2021,Blake Haubeil,0
2021,Jake Hausmann,0
2021,Javian Hawkins,0
2021,Daelin Hayes,0
2021,Damon Hazelton,0
2021,Jack Heflin,0
2021,Brett Heggie,0
2021,Justin Henderson,0
2021,Khalil Herbert,0
2021,Grant Hermanns,0
2021,Malik Herring,0
2021,Kylin Hill,0
2021,Trey Hill,0
2021,Justin Hilliard,0
2021,Nate Hobbs,0
2021,Darius Hodge,0
2021,Jevon Holland,21
2021,Jaycee Horn,13
2021,Phil Hoskins,0
2021,Chuba Hubbard,23
2021,Wyatt Hubert,0
2021,James Hudson,8
2021,Talanoa Hufanga,0
2021,Justin Hughes,0
2021,Creed Humphrey,40
2021,Sadarius Hutcherson,0
2021,Josh Imatorbhebhe,0
2021,Alaric Jackson,0
2021,Deon Jackson,0
2021,Drake Jackson,3
2021,Tarron Jackson,0
2021,Warren Jackson,0
2021,Jerry Jacobs,0
2021,Brenden Jaimes,0
2021,Shemar Jean-Charles,0
2021,Jermar Jefferson,0
2021,Teven Jenkins,15
2021,Adam Jewell,0
2021,Sterling Johnson,0
2021,Jerome Johnson,0
2021,Jamar Johnson,0
2021,Josh Johnson,0
2021,Johnathon Johnson,0
2021,Mustafa Johnson,0
2021,Patrick Johnson,0
2021,Zeandae Johnson,0
2021,Jamal Jones,0
2021,Ernest Jones,14
2021,Mac Jones,24
2021,Naquan Jones,0
2021,Patrick Jones,7
2021,Robert Jones,0
2021,Brevin Jordan,0
2021,Kelvin Joseph,2
2021,Terrace Marshall Jr.,6
2021,Asante Samuel Jr.,14
2021,Thomas Graham Jr.,0
2021,Kary Vincent Jr.,0
2021,Hunter Kampmoyer,0
2021,Xavier Kelly,0
2021,Alex Kessman,0
2021,Devon Key,0
2021,Cameron Kinley,0
2021,Logan Klusman,0
2021,Brenden Knox,0
2021,Ben Knutson,0
2021,Malcolm Koonce,7
2021,Tommy Kraemer,0
2021,Adam Krumholz,0
2021,Bruno Labelle,0
2021,Trey Lance,4
2021,Cole Van Lanen,0
2021,Nolan Laufenberg,0
2021,Trevor Lawrence,39
2021,Alex Leatherwood,8
2021,Richard LeCounte,0
2021,Riley Lees,0
2021,Deommodore Lenoir,0
2021,Walker Little,11
2021,Jeremiah Littles,0
2021,Roy Lopez,0
2021,Isaiahh Loudermilk,0
2021,Blake Lynch,0
2021,Artayvious Lynn,0
2021,Branden Mack,0
2021,CJ Marable,0
2021,Jonathan Marshall,0
2021,Ben Mason,0
2021,Mac McCain,0
2021,Khalil McClain,0
2021,Jaylon McClain-Sapp,0
2021,Nick McCloud,0
2021,Sandon McCoy,0
2021,Greg McCrae,0
2021,Tre' McKitty,1
2021,Romeo McKnight,0
2021,Isaiah McKoy,0
2021,Racey McMath,0
2021,Joshua McMillon,0
2021,Zech McPhearson,2
2021,Evan McPherson,0
2021,Trae Meadows,0
2021,Quinn Meinerz,25
2021,Ifeatu Melifonwu,6
2021,Jordan Meredith,0
2021,Forrest Merrill,0
2021,Scott Meyer,0
2021,Davis Mills,15
2021,Dedrick Mills,0
2021,Dax Milne,0
2021,Andre Mintze,0
2021,Elijah Mitchell,0
2021,Trevon Moehrig,21
2021,Elijah Molden,7
2021,Briley Moore,0
2021,Jaylon Moore,0
2021,David Moore,0
2021,Elijah Moore,0
2021,Rondale Moore,12
2021,Quintin Morris,0
2021,Jimmy Morrissey,0
2021,E.J. Muhammad,0
2021,Israel Mukuamu,0
2021,Josh Myers,27
2021,Jonathan Nance,0
2021,Hamsah Nasirildeen,0
2021,Lorenzo Neal,0
2021,Ryan Neuzil,0
2021,Royce Newman,0
2021,Jamie Newman,0
2021,Dazz Newsome,0
2021,Greg Newsome,14
2021,Nick Niemann,0
2021,Daviyon Nixon,0
2021,Tre Nixon,0
2021,Tre Norwood,0
2021,Antonio Nunn,0
2021,Dayo Odeyingbo,12
2021,Nick Oelrich,0
2021,Amen Ogbongbemiga,0
2021,Adetokunbo Ogundeji,0
2021,Azeez Ojulari,16
2021,Levi Onwuzurike,7
2021,Joseph Ossai,6
2021,Jayson Oweh,14
2021,Jeremiah Owusu-Koramoah,22
2021,JR Pace,0
2021,AJ Parker,0
2021,Micah Parsons,56
2021,Jarrett Patterson,0
2021,Riley Patterson,0
2021,Jaret Patterson,0
2021,Kwity Paye,26
2021,Josh Pederson,0
2021,Ronnie Perkins,0
2021,Jordyn Peters,0
2021,Jaelan Phillips,16
2021,Whop Philyor,0
2021,Nick Pickett,0
2021,Jason Pinnock,0
2021,Kyle Pitts,21
2021,Kyle Poland,0
2021,Elijah Ponder,0
2021,Cornell Powell,0
2021,Blake Proehl,0
2021,Dillon Radunz,11
2021,Trey Ragas,0
2021,John Raine,0
2021,Peyton Ramsey,0
2021,Hamilcar Rashed,0
2021,Jon Rhattigan,0
2021,Monty Rice,6
2021,Curtis Robinson,0
2021,Aaron Robinson,2
2021,Quincy Roche,0
2021,Robert Rochell,3
2021,Amari Rodgers,1
2021,Asim Rose,0
2021,Zach Von Rosenberg,0
2021,Larry Rountree,0
2021,Gregory Rousseau,32
2021,Dionte Ruffin,0
2021,Chris Rumph,3
2021,K.J. Sails,0
2021,Teton Saltes,0
2021,Cameron Sample,5
2021,Foster Sarell,0
2021,Mekhi Sargent,0
2021,Thomas Schaffer,0
2021,Ry Schneider,0
2021,Anthony Schwartz,2
2021,Jordon Scott,0
2021,Stevie Scott,0
2021,Trey Sermon,1
2021,Penei Sewell,52
2021,Justin Shaffer,0
2021,Khalil Shakir,0
2021,Abram Smith,0
2021,Brandon Smith,0
2021,Lecitus Smith,0
2021,Tyler Smith,0
2021,Tyreke Smith,0
2021,Baylon Spector,0
2021,Isaiah Spiller,1
2021,Chris Steele,0
2021,Derek Stingley,0
2021,Jordan Stout,6
2021,Cole Strange,11
2021,Carson Strong,0
2021,Pierre Strong,4
2021,Andrew Stueber,0
2021,Myron Tagovailoa-Amosa,0
2021,Alontae Taylor,13
2021,Cam Taylor-Britt,14
2021,Isaac Taylor-Stuart,0
2021,Luke Tenuta,0
2021,Kayvon Thibodeaux,21
2021,Zach Thomas,0
2021,Cameron Thomas,3
2021,Isaiah Thomas,0
2021,Juanyeh Thomas,0
2021,Josh Thompson,0
2021,Skylar Thompson,0
2021,Tyquan Thornton,3
2021,Channing Tindall,3
2021,Jalen Tolbert,7
2021,Zach Tom,0
2021,Cole Turner,0
2021,Tré Turner,0
2021,Delarrin Turner-Yell,0
2021,Eyioma Uwazurike,1
2021,CJ Verdell,0
2021,Cordell Volson,22
2021,Matt Waletzko,0
2021,Kenneth Walker,0
2021,Quay Walker,18
2021,Rasheed Walker,0
2021,Travon Walker,21
2021,Jermaine Waller,0
2021,Jaylen Warren,0
2021,Christian Watson,16
2021,Jaylen Watson,8
2021,Luke Wattenberg,0
2021,Sam Webb,8
2021,Dohnovan West,0
2021,Isaiah Weston,0
2021,Rachaad White,21
2021,ZaQuandre White,0
2021,Zamir White,5
2021,Tre Williams,0
2021,Damarion Williams,0
2021,Devon Williams,0
2021,Jameson Williams,16
2021,Joshua Williams,5
2021,Kyren Williams,0
2021,Sam Williams,4
2021,Malik Willis,4
2021,Garrett Wilson,24
2021,Perrion Winfrey,1
2021,Jelani Woods,2
2021,JT Woods,1
2021,Mike Woods,0
2021,Tariq Woolen,0
2021,Alex Wright,6
2021,Mykael Wright,0
2021,Devonte Wyatt,6
2021,Jalen Wydermyer,0
2021,Cade York,1
2021,Nick Zakelj,0
2021,Bailey Zappe,2
2022,Cal Adomitis,0
2022,Austin Allen,0
2022,Chase Allen,0
2022,Christopher Allen,0
2022,Tyler Allgeier,0
2022,Troy Andersen,6
2022,Tycen Anderson,0
2022,Blaise Andries,0
2022,Matt Araiza,0
2022,Jalyn Armour-Davis,2
2022,Brian Asamoah,3
2022,Calvin Austin,0
2022,Tyler Badie,0
2022,Kalon Barnes,0
2022,Amaré Barno,0
2022,Darrian Beavers,0
2022,Markquese Bell,0
2022,David Bell,3
2022,Greg Bell,0
2022,Daniel Bellinger,6
2022,Dane Belton,8
2022,Terrel Bernard,19
2022,Bubba Bolden,0
2022,Slade Bolden,0
2022,Nik Bonitto,21
2022,Thomas Booker,0
2022,Andrew Booth,3
2022,Max Borghi,0
2022,Jaquan Brisker,11
2022,Kennedy Brooks,0
2022,Ben Brown,0
2022,Leddie Brown,0
2022,Montaric Brown,0
2022,Logan Bruss,2
2022,Coby Bryant,8
2022,Spencer Burford,14
2022,Treylon Burks,6
2022,Darien Butler,0
2022,Matthew Butler,0
2022,Percy Butler,6
2022,Grant Calcaterra,0
2022,Jake Camarda,8
2022,Chance Campbell,0
2022,Ja'Tyre Carter,0
2022,Zachary Carter,10
2022,Tariq Castro-Fields,0
2022,Tykevious Chandler,0
2022,Leo Chenal,14
2022,Lewis Cine,0
2022,Damone Clark,0
2022,Micheal Clemons,10
2022,Jack Coan,0
2022,Qwynnterrio Cole,0
2022,Snoop Conner,0
2022,Bryan Cook,12
2022,James Cook,28
2022,Jashaun Corbin,0
2022,Yusuf Corker,0
2022,Matt Corral,0
2022,Charles Cross,22
2022,Nick Cross,10
2022,Dustin Crum,0
2022,Myron Cunningham,0
2022,DJ Davidson,0
2022,Jordan Davis,16
2022,Kalia Davis,0
2022,Tyrion Davis-Price,1
2022,Nakobe Dean,10
2022,Dawson Deaton,0
2022,Austin Deculus,0
2022,Cameron Dicker,0
2022,Kellen Diesch,0
2022,Dai'Jean Dixon,0
2022,JoJo Domann,0
2022,Jahan Dotson,11
2022,Romeo Doubs,16
2022,Dontario Drummond,0
2022,Greg Dulcich,3
2022,William Dunkle,0
2022,Cobie Durant,0
2022,Jerrion Ealy,0
2022,Arnold Ebiketie,8
2022,Trestan Ebner,0
2022,Ikem Ekwonu,19
2022,Kaiir Elam,6
2022,Kaleb Eleby,0
2022,Noah Elliss,0
2022,Martin Emerson,13
2022,Kingsley Enagbare,0
2022,Akayleb Evans,6
2022,Obinna Eze,0
2022,Joshua Ezeudu,5
2022,Erik Ezukanma,0
2022,Daniel Faalele,12
2022,Neil Farrell,2
2022,Jake Ferguson,15
2022,DaMarcus Fields,0
2022,Cordale Flott,9
2022,Jerome Ford,0
2022,Jonathan Ford,0
2022,Luke Fortner,17
2022,Ty Fryfogle,0
2022,Ahmad Gardner,31
2022,Haskell Garrett,0
2022,Jeremiah Gemmel,0
2022,Trenton Gill,0
2022,Luke Goedeke,17
2022,Mario Goodrich,0
2022,Tyler Goodson,0
2022,Kyler Gordon,12
2022,Isaiah Graham-Mobley,0
2022,Danny Gray,0
2022,Vincent Gray,0
2022,Kenyon Green,8
2022,Jeffrey Gunter,0
2022,Breece Hall,20
2022,Jeremiah Hall,0
2022,Logan Hall,13
2022,Kyle Hamilton,22
2022,Jake Hansen,0
2022,Aaron Hansford,0
2022,Christian Harris,13
2022,Kevin Harris,0
2022,Kolby Harvell-Peel,0
2022,Hassan Haskins,2
2022,Blake Hayes,0
2022,Marquis Hayes,0
2022,Peyton Hendershot,0
2022,Connor Heyward,0
2022,Daxton Hill,9
2022,Chasen Hines,0
2022,Christopher Hinton,0
2022,Curtis Hodges,0
2022,Sam Howell,0
2022,Aidan Hutchinson,20
2022,Jermaine Johnson II,14
2022,Johnny Johnson III,0
2022,Verone McKinley III,0
2022,Ed Ingram,16
2022,Keaontay Ingram,0
2022,D'Marco Jackson,0
2022,Drake Jackson,3
2022,Jordan Jackson,0
2022,Joshua Jobe,0
2022,Josh Johnson,0
2022,Tyree Johnson,0
2022,Zion Johnson,20
2022,Braxton Jones,0
2022,Jack Jones,10
2022,Marcus Jones,14
2022,Travis Jones,9
2022,Velus Jones,3
2022,Kerby Joseph,23
2022,Kevin Austin Jr.,0
2022,Reggie Roberson Jr.,0
2022,Cameron Jurgens,14
2022,George Karlaftis,20
2022,Cole Kelley,0
2022,Derion Kendrick,0
2022,D'Eriq King,0
2022,Darian Kinnard,0
2022,Zonovan Knight,0
2022,Charlie Kolar,2
2022,Quentin Lake,0
2022,Nate Landman,0
2022,DeMarvin Leal,4
2022,Isaiah Likely,0
2022,Tyler Linderbaum,25
2022,Alec Lindstrom,0
2022,Devin Lloyd,20
2022,Drake London,25
2022,Vederian Lowe,0
2022,Abraham Lucas,15
2022,Chase Lucas,0
2022,Jesse Luketa,0
2022,Boye Mafe,14
2022,DeAngelo Malone,3
2022,Phidarian Mathis,2
2022,Cade Mays,0
2022,Trey McBride,20
2022,Marquan McCall,0
2022,Zakoby McClain,0
2022,Zyon McCollum,0
2022,Sincere McCormick,0
2022,Roger McCreary,13
2022,Trent McDuffie,28
2022,Micah McFadden,0
2022,Marcus McKethan,0
2022,Bo Melton,0
2022,John Metchie,3
2022,James Mitchell,0
2022,Max Mitchell,5
2022,Smoke Monday,0
2022,Jeremiah Moon,0
2022,Skyy Moore,4
2022,Chad Muma,6
2022,Thayer Munford,0
2022,Jalen Nailor,0
2022,Evan Neal,11
2022,Leon O'Neal,0
2022,Otito Ogbonnia,0
2022,David Ojabo,2
2022,Chigoziem Okonkwo,0
2022,Chris Olave,20
2022,Esezi Otomewo,0
2022,Isiah Pacheco,0
2022,Dylan Parham,16
2022,Joshua Paschal,9
2022,Chris Paul,0
2022,Jayden Peevy,0
2022,Trevor Penning,12
2022,EJ Perry,0
2022,Nicholas Petit-Frere,11
2022,Kyle Philips,0
2022,George Pickens,24
2022,Kenny Pickett,14
2022,Alec Pierce,15
2022,Dameon Pierce,12
2022,Jalen Pitre,16
2022,Makai Polk,0
2022,D'vonte Price,0
2022,Brock Purdy,0
2022,Teagan Quitoriano,0
2022,Bernhard Raimann,17
2022,Charleston Rambo,0
2022,LaBryan Ray,0
2022,Sean Rhyan,10
2022,Desmond Ridder,13
2022,John Ridgeway,0
2022,Ronnie Rivers,0
2022,Brian Robinson,16
2022,Dominique Robinson,0
2022,Tyrese Robinson,0
2022,Malcolm Rodriguez,0
2022,Mike Rose,0
2022,Dare Rosenthal,0
2022,Josh Ross,0
2022,Justyn Ross,0
2022,Jeremy Ruckert,2
2022,Andrew Rupcich,0
2022,Jamaree Salyer,0
2022,Jack Sanborn,0
2022,Braylon Sanders,0
2022,Myjai Sanders,3
2022,Nephi Sewell,0
2022,Justin Shaffer,0
2022,Khalil Shakir,0
2022,Abram Smith,0
2022,Brandon Smith,1
2022,Lecitus Smith,0
2022,Tyler Smith,25
2022,Tyreke Smith,0
2022,Baylon Spector,8
2022,Isaiah Spiller,1
2022,Chris Steele,0
2022,Derek Stingley,21
2022,Jordan Stout,6
2022,Cole Strange,11
2022,Carson Strong,0
2022,Pierre Strong,4
2022,Andrew Stueber,0
2022,Myron Tagovailoa-Amosa,0
2022,Alontae Taylor,13
2022,Cam Taylor-Britt,14
2022,Isaac Taylor-Stuart,0
2022,Luke Tenuta,0
2022,Kayvon Thibodeaux,21
2022,Zach Thomas,0
2022,Cameron Thomas,3
2022,Isaiah Thomas,0
2022,Juanyeh Thomas,0
2022,Josh Thompson,0
2022,Skylar Thompson,0
2022,Tyquan Thornton,3
2022,Channing Tindall,3
2022,Jalen Tolbert,7
2022,Zach Tom,0
2022,Cole Turner,0
2022,Tré Turner,0
2022,Delarrin Turner-Yell,0
2022,Eyioma Uwazurike,1
2022,CJ Verdell,0
2022,Cordell Volson,22
2022,Matt Waletzko,0
2022,Kenneth Walker,20
2022,Quay Walker,18
2022,Rasheed Walker,0
2022,Travon Walker,21
2022,Jermaine Waller,0
2022,Jaylen Warren,0
2022,Christian Watson,16
2022,Jaylen Watson,8
2022,Luke Wattenberg,0
2022,Sam Webb,8
2022,Dohnovan West,0
2022,Isaiah Weston,0
2022,Rachaad White,21
2022,ZaQuandre White,0
2022,Zamir White,5
2022,Tre Williams,0
2022,Damarion Williams,8
2022,Devon Williams,0
2022,Jameson Williams,16
2022,Joshua Williams,5
2022,Kyren Williams,0
2022,Sam Williams,4
2022,Malik Willis,4
2022,Garrett Wilson,24
2022,Perrion Winfrey,1
2022,Jelani Woods,2
2022,JT Woods,1
2022,Mike Woods,0
2022,Tariq Woolen,0
2022,Alex Wright,6
2022,Mykael Wright,0
2022,Devonte Wyatt,6
2022,Jalen Wydermyer,0
2022,Cade York,1
2022,Nick Zakelj,0
2022,Bailey Zappe,2